{
  "deltas": [
    0.2,
    0.3,
    0.4,
    0.5,
    0.6
  ],
  "seq_psnr": [
    6.147774805799378,
    10.74569232974949,
    11.2381944813885,
    11.33199807333206,
    11.717435281390339
  ],
  "joint_psnr": [
    9.01858887463645,
    11.015459466598944,
    12.652688767582308,
    12.935244298307566,
    14.159691655078285
  ],
  "seq_ssim": [
    0.024178191524925143,
    0.5016508447260095,
    0.5377125453083973,
    0.5226017354128745,
    0.5993293200432284
  ],
  "joint_ssim": [
    0.23076771646720734,
    0.47535573993067276,
    0.5691692604419489,
    0.5932755044741076,
    0.7444719352497222
  ]
}