{
  "deltas": [
    0.1,
    0.2,
    0.3,
    0.4,
    0.5,
    0.6,
    0.7
  ],
  "snr_db": 30.0,
  "results": {
    "omp": {
      "psnr": [
        15.194650637636727,
        17.134872061740424,
        20.102803596560715,
        21.471890905512065,
        22.839538421051444,
        24.61540809206216,
        26.2218293055828
      ],
      "ssim": [
        0.248133995577497,
        0.3504220980998843,
        0.44747578808351846,
        0.5158476310487604,
        0.5536519656935572,
        0.6233435995043876,
        0.6779813394492648
      ]
    },
    "fista": {
      "psnr": [
        15.781583305274651,
        19.570889767132773,
        22.190612074068262,
        24.48911978342098,
        25.461239855443658,
        27.225217312614692,
        27.955821807705085
      ],
      "ssim": [
        0.2888257540447198,
        0.4355520168408066,
        0.577059089510832,
        0.6708035132420193,
        0.7123564162330926,
        0.7675993103430504,
        0.7866252859451593
      ]
    },
    "admm": {
      "psnr": [
        10.729714901661731,
        17.152628817708575,
        21.507032233696705,
        24.278596620954783,
        25.755174248423934,
        26.7754970101354,
        28.230995617629304
      ],
      "ssim": [
        0.13236822098036913,
        0.4096345334018835,
        0.5623515169185322,
        0.6551062745851275,
        0.7221374966751665,
        0.7503826937592022,
        0.8016240418670254
      ]
    }
  }
}