{
  "deltas": [
    0.1,
    0.2,
    0.3,
    0.4,
    0.5,
    0.6,
    0.7
  ],
  "snr_db": 30.0,
  "test_set": [
    "cameraman",
    "astronaut",
    "coins",
    "page",
    "moon"
  ],
  "results": {
    "omp": {
      "psnr_mean": [
        15.459409953759884,
        17.417352984415892,
        19.148920711304733,
        20.415892232147623,
        21.733735614531703,
        23.49927259315975,
        24.88619884069886
      ],
      "psnr_std": [
        4.44088347219159,
        4.328330450686468,
        4.0405840322637046,
        3.6962164066584804,
        3.199815292290962,
        3.003607277180812,
        2.966611027158276
      ],
      "ssim_mean": [
        0.2630533376213429,
        0.40722452526089237,
        0.5155276133120321,
        0.5880550418106224,
        0.6394608803089366,
        0.7048950460201799,
        0.7550144718937049
      ],
      "ssim_std": [
        0.08075559925512295,
        0.05961895871274652,
        0.04871170294170127,
        0.06688410518507876,
        0.09337496364593087,
        0.09643607664348613,
        0.08917736369539059
      ]
    },
    "fista": {
      "psnr_mean": [
        16.671034916371063,
        19.394547372255833,
        21.729843752292986,
        23.64243047152389,
        25.06471117899282,
        26.428005655524544,
        27.573683540606282
      ],
      "psnr_std": [
        4.847251939627994,
        4.485159343895298,
        4.282513349926407,
        4.092553788914023,
        3.9282171970365245,
        3.816119943661422,
        3.5150302475254707
      ],
      "ssim_mean": [
        0.35956195817542885,
        0.5258240825106819,
        0.6532720176701045,
        0.7444903314298958,
        0.7912257857041821,
        0.8328889499600702,
        0.864480167432256
      ],
      "ssim_std": [
        0.1260372152606179,
        0.07988084943799448,
        0.06633410153507675,
        0.0545677395351113,
        0.04477130544895827,
        0.05254627089513714,
        0.04481494930436373
      ]
    },
    "admm": {
      "psnr_mean": [
        11.226657180207415,
        17.620320774715204,
        21.274335447401924,
        23.467215752610258,
        24.975366465861136,
        26.374091051021917,
        27.446985176104914
      ],
      "psnr_std": [
        3.0658546673838045,
        4.775321741149879,
        4.6057915171139,
        4.360795655925983,
        3.9996209974264993,
        3.890352741306686,
        3.6543332472108396
      ],
      "ssim_mean": [
        0.14425537309500167,
        0.4685573364472738,
        0.642477514763087,
        0.7357150290823661,
        0.7918769772923441,
        0.8329582804795438,
        0.8593533643600721
      ],
      "ssim_std": [
        0.040772483321552366,
        0.0930593334303656,
        0.07205374230749848,
        0.05691867750774342,
        0.05233096123339771,
        0.05276709001566336,
        0.04994669869865219
      ]
    }
  },
  "per_image": {
    "omp": {
      "0.10": [
        {
          "image": "cameraman",
          "psnr": 14.340446308318477,
          "ssim": 0.22933096937058192
        },
        {
          "image": "astronaut",
          "psnr": 11.386855391519413,
          "ssim": 0.14220900843850942
        },
        {
          "image": "coins",
          "psnr": 11.369059775295945,
          "ssim": 0.2486411124740182
        },
        {
          "image": "page",
          "psnr": 16.86291115027902,
          "ssim": 0.31303096277418296
        },
        {
          "image": "moon",
          "psnr": 23.337777143386575,
          "ssim": 0.382054635049422
        }
      ],
      "0.20": [
        {
          "image": "cameraman",
          "psnr": 17.513357704438405,
          "ssim": 0.35168475479609396
        },
        {
          "image": "astronaut",
          "psnr": 13.328466967415295,
          "ssim": 0.3201567699421816
        },
        {
          "image": "coins",
          "psnr": 13.145507123403828,
          "ssim": 0.4613042675793542
        },
        {
          "image": "page",
          "psnr": 18.0466827263525,
          "ssim": 0.4400115202309829
        },
        {
          "image": "moon",
          "psnr": 25.05275040046943,
          "ssim": 0.46296531375584926
        }
      ],
      "0.30": [
        {
          "image": "cameraman",
          "psnr": 19.721725210294657,
          "ssim": 0.45006909293547637
        },
        {
          "image": "astronaut",
          "psnr": 15.448864988902937,
          "ssim": 0.5026381236058152
        },
        {
          "image": "coins",
          "psnr": 14.585605166374167,
          "ssim": 0.5702156065201307
        },
        {
          "image": "page",
          "psnr": 20.060194731635306,
          "ssim": 0.5728687104105084
        },
        {
          "image": "moon",
          "psnr": 25.928213459316602,
          "ssim": 0.4818465330882301
        }
      ],
      "0.40": [
        {
          "image": "cameraman",
          "psnr": 20.940168895018378,
          "ssim": 0.5035442773289406
        },
        {
          "image": "astronaut",
          "psnr": 17.22423782566825,
          "ssim": 0.606248076396259
        },
        {
          "image": "coins",
          "psnr": 16.535080750756215,
          "ssim": 0.6944274819232721
        },
        {
          "image": "page",
          "psnr": 20.422842377584388,
          "ssim": 0.6052907776271457
        },
        {
          "image": "moon",
          "psnr": 26.95713131171088,
          "ssim": 0.5307645957774948
        }
      ],
      "0.50": [
        {
          "image": "cameraman",
          "psnr": 21.962655103919406,
          "ssim": 0.5405464339907711
        },
        {
          "image": "astronaut",
          "psnr": 18.81350658519332,
          "ssim": 0.6746894271097007
        },
        {
          "image": "coins",
          "psnr": 18.590457667649343,
          "ssim": 0.7766887312065884
        },
        {
          "image": "page",
          "psnr": 21.848124972728122,
          "ssim": 0.6769650976878165
        },
        {
          "image": "moon",
          "psnr": 27.453933743168314,
          "ssim": 0.5284147115498063
        }
      ],
      "0.60": [
        {
          "image": "cameraman",
          "psnr": 23.776064374074192,
          "ssim": 0.6043849667601581
        },
        {
          "image": "astronaut",
          "psnr": 21.24524804603711,
          "ssim": 0.7729219848909855
        },
        {
          "image": "coins",
          "psnr": 20.620143891341016,
          "ssim": 0.8425167467871589
        },
        {
          "image": "page",
          "psnr": 22.775506500769755,
          "ssim": 0.7127528002852717
        },
        {
          "image": "moon",
          "psnr": 29.079400153576675,
          "ssim": 0.5918987313773254
        }
      ],
      "0.70": [
        {
          "image": "cameraman",
          "psnr": 24.842540468905938,
          "ssim": 0.6529289024296053
        },
        {
          "image": "astronaut",
          "psnr": 22.896309544365103,
          "ssim": 0.8178797093837129
        },
        {
          "image": "coins",
          "psnr": 22.171210867688238,
          "ssim": 0.882500217522972
        },
        {
          "image": "page",
          "psnr": 23.98961933939308,
          "ssim": 0.7620750382487594
        },
        {
          "image": "moon",
          "psnr": 30.531313983141935,
          "ssim": 0.6596884918834742
        }
      ]
    },
    "fista": {
      "0.10": [
        {
          "image": "cameraman",
          "psnr": 14.822269632136429,
          "ssim": 0.2875729325410046
        },
        {
          "image": "astronaut",
          "psnr": 12.265977637105612,
          "ssim": 0.2088908656528834
        },
        {
          "image": "coins",
          "psnr": 12.492472629188123,
          "ssim": 0.29812737407611806
        },
        {
          "image": "page",