{
  "deltas": [
    0.1,
    0.2,
    0.3,
    0.4,
    0.5,
    0.6,
    0.7
  ],
  "snr_db": 30.0,
  "test_set": [
    "cameraman",
    "astronaut",
    "coins",
    "page",
    "moon"
  ],
  "results": {
    "omp": {
      "psnr_mean": [
        15.459409953759888,
        17.417352984415892,
        19.148920711304733,
        20.415892232147627,
        21.733735614531703,
        23.49927259315975,
        24.886198840698864
      ],
      "psnr_std": [
        4.440883472191595,
        4.328330450686466,
        4.040584032263702,
        3.6962164066584866,
        3.199815292290963,
        3.0036072771808136,
        2.9666110271582773
      ],
      "ssim_mean": [
        0.2630533376213421,
        0.40722452526089664,
        0.5155276133120322,
        0.5880550418106216,
        0.639460880308941,
        0.70489504602018,
        0.7550144718937002
      ],
      "ssim_std": [
        0.08075559925512502,
        0.05961895871274391,
        0.04871170294170158,
        0.06688410518507511,
        0.0933749636459311,
        0.09643607664348602,
        0.08917736369539898
      ]
    },
    "fista": {
      "psnr_mean": [
        16.671034916301547,
        19.394547372256064,
        21.729843752292982,
        23.642430471523895,
        25.064711178992827,
        26.428005655524544,
        27.573683540606282
      ],
      "psnr_std": [
        4.8472519396234155,
        4.48515934389534,
        4.282513349926405,
        4.092553788914023,
        3.9282171970365276,
        3.8161199436614233,
        3.515030247525471
      ],
      "ssim_mean": [
        0.35956195815404246,
        0.5258240825106754,
        0.6532720176701006,
        0.7444903314298964,
        0.7912257857041809,
        0.832888949960066,
        0.8644801674322597
      ],
      "ssim_std": [
        0.1260372152516032,
        0.07988084943799997,
        0.06633410153509206,
        0.054567739535115144,
        0.0447713054489556,
        0.05254627089513034,
        0.044814949304368225
      ]
    },
    "admm": {
      "psnr_mean": [
        11.22665718020736,
        17.620320774715246,
        21.27433544740194,
        23.467215752610258,
        24.97536646586113,
        26.374091051021924,
        27.44698517610492
      ],
      "psnr_std": [
        3.0658546673837526,
        4.775321741149906,
        4.6057915171139,
        4.360795655925979,
        3.9996209974265144,
        3.890352741306672,
        3.6543332472108547
      ],
      "ssim_mean": [
        0.14425537309499906,
        0.4685573364472755,
        0.6424775147630923,
        0.7357150290823723,
        0.7918769772923558,
        0.8329582804795542,
        0.8593533643600686
      ],
      "ssim_std": [
        0.040772483321548376,
        0.09305933343036149,
        0.0720537423074831,
        0.05691867750775003,
        0.05233096123338733,
        0.05276709001567221,
        0.049946698698659725
      ]
    }
  },
  "per_image": {
    "omp": {
      "0.10": [
        {
          "image": "cameraman",
          "psnr": 14.340446308318477,
          "ssim": 0.22933096937057199
        },
        {
          "image": "astronaut",
          "psnr": 11.386855391519413,
          "ssim": 0.142209008438508
        },
        {
          "image": "coins",
          "psnr": 11.369059775295941,
          "ssim": 0.2486411124740193
        },
        {
          "image": "page",
          "psnr": 16.86291115027902,
          "ssim": 0.31303096277418885
        },
        {
          "image": "moon",
          "psnr": 23.337777143386585,
          "ssim": 0.38205463504942244
        }
      ],
      "0.20": [
        {
          "image": "cameraman",
          "psnr": 17.513357704438402,
          "ssim": 0.35168475479610894
        },
        {
          "image": "astronaut",
          "psnr": 13.328466967415295,
          "ssim": 0.3201567699421824
        },
        {
          "image": "coins",
          "psnr": 13.145507123403828,
          "ssim": 0.46130426757935394
        },
        {
          "image": "page",
          "psnr": 18.046682726352504,
          "ssim": 0.4400115202309901
        },
        {
          "image": "moon",
          "psnr": 25.052750400469428,
          "ssim": 0.4629653137558475
        }
      ],
      "0.30": [
        {
          "image": "cameraman",
          "psnr": 19.72172521029465,
          "ssim": 0.45006909293548075
        },
        {
          "image": "astronaut",
          "psnr": 15.448864988902942,
          "ssim": 0.502638123605815
        },
        {
          "image": "coins",
          "psnr": 14.585605166374165,
          "ssim": 0.570215606520131
        },
        {
          "image": "page",
          "psnr": 20.060194731635313,
          "ssim": 0.5728687104105106
        },
        {
          "image": "moon",
          "psnr": 25.928213459316595,
          "ssim": 0.4818465330882237
        }
      ],
      "0.40": [
        {
          "image": "cameraman",
          "psnr": 20.94016889501838,
          "ssim": 0.5035442773289547
        },
        {
          "image": "astronaut",
          "psnr": 17.22423782566825,
          "ssim": 0.6062480763962588
        },
        {
          "image": "coins",
          "psnr": 16.535080750756215,
          "ssim": 0.6944274819232714
        },
        {
          "image": "page",
          "psnr": 20.42284237758439,
          "ssim": 0.605290777627133
        },
        {
          "image": "moon",
          "psnr": 26.9571313117109,
          "ssim": 0.5307645957774902
        }
      ],
      "0.50": [
        {
          "image": "cameraman",
          "psnr": 21.962655103919417,
          "ssim": 0.5405464339907781
        },
        {
          "image": "astronaut",
          "psnr": 18.813506585193316,
          "ssim": 0.674689427109702
        },
        {
          "image": "coins",
          "psnr": 18.590457667649343,
          "ssim": 0.7766887312065885
        },
        {
          "image": "page",
          "psnr": 21.848124972728126,
          "ssim": 0.6769650976878316
        },
        {
          "image": "moon",
          "psnr": 27.453933743168314,
          "ssim": 0.5284147115498048
        }
      ],
      "0.60": [
        {
          "image": "cameraman",
          "psnr": 23.776064374074192,
          "ssim": 0.6043849667601644
        },
        {
          "image": "astronaut",
          "psnr": 21.245248046037105,
          "ssim": 0.7729219848909842
        },
        {
          "image": "coins",
          "psnr": 20.62014389134102,
          "ssim": 0.8425167467871594
        },
        {
          "image": "page",
          "psnr": 22.775506500769755,
          "ssim": 0.7127528002852722
        },
        {
          "image": "moon",
          "psnr": 29.079400153576678,
          "ssim": 0.59189873137732
        }
      ],
      "0.70": [
        {
          "image": "cameraman",
          "psnr": 24.842540468905945,
          "ssim": 0.6529289024295778
        },
        {
          "image": "astronaut",
          "psnr": 22.896309544365106,
          "ssim": 0.81787970938372
        },
        {
          "image": "coins",
          "psnr": 22.17121086768824,
          "ssim": 0.8825002175229721
        },
        {
          "image": "page",
          "psnr": 23.989619339393084,
          "ssim": 0.7620750382487614
        },
        {
          "image": "moon",
          "psnr": 30.531313983141942,
          "ssim": 0.6596884918834695
        }
      ]
    },
    "fista": {
      "0.10": [
        {
          "image": "cameraman",
          "psnr": 14.822269631978209,
          "ssim": 0.28757293251896393
        },
        {
          "image": "astronaut",
          "psnr": 12.265977637115133,
          "ssim": 0.20889086565446544
        },
        {
          "image": "coins",
          "psnr": 12.492472629188162,
          "ssim": 0.29812737407617856
        },
        {
          "image": "page",